name,uid,M2014,F2014,M2015,F2015,M2016,F2016,M2017,F2017,M2018,F2018,M2019,F2019,M2020,F2020,M2021,F2021,M2022,F2022,M2023,F2023,M2024,F2024,M2025,F2025
CU Boffa,qtZKDodnoGk,13545,13835,13963,14238,14378,14637,14803,15045,15236,15460,15678,15883,16128,16314,16588,16753,17056,17200,17532,17655,18018,18119,18512,18591
CR Kolia,dPgWtIFJP5V,17966,18100,18521,18627,19071,19149,19634,19682,20209,20225,20795,20778,21392,21342,22001,21916,22622,22501,23254,23096,23898,23703,24553,24320
CR Doupourou,lDM9e2ybrAd,10753,10849,11085,11165,11415,11478,11752,11797,12096,12123,12446,12454,12804,12792,13169,13136,13540,13487,13918,13844,14304,14207,14696,14577
CR Koba Tat�ma,MkaUSwclI6l,25182,26392,25960,27161,26732,27922,27521,28700,28327,29492,29149,30299,29987,31122,30841,31959,31712,32813,32598,33681,33501,34566,34420,35467
CR Lisso,Pob7FbtKblV,5953,5906,6137,6078,6320,6248,6506,6422,6696,6599,6890,6780,7088,6963,7290,7151,7496,7341,7705,7536,7918,7733,8136,7935
CR Mankountan,k4R7pdeVJ4P,8271,9034,8527,9298,8781,9559,9040,9825,9305,10096,9575,10373,9851,10655,10132,10942,10418,11234,10709,11532,11006,11835,11308,12143
CR Tamita,UfaDDGfDXu3,6896,7523,7109,7742,7321,7959,7537,8181,7758,8407,7983,8637,8213,8872,8447,9111,8685,9354,8928,9602,9176,9854,9428,10111
CR Tougnifily,u0SyB3iGx3r,16614,17590,17127,18103,17636,18611,18157,19129,18689,19657,19231,20195,19784,20744,20348,21302,20923,21871,21507,22450,22103,23040,22710,23640
DPS Boffa,L1Gr2bAsR4T,0,1,-1,-1,0,0,1,-1,0,0,1,1,1,-1,0,-1,-1,-1,2,-1,-1,0,0,1
CR Bintimodia,TBtk2TssHXe,12470,13575,12855,13970,13238,14363,13629,14763,14028,15170,14435,15586,14851,16009,15274,16440,15705,16880,16145,17327,16592,17782,17047,18246
CU Bok�,LtyLrVpGIvI,31088,30873,32047,31771,33000,32662,33974,33570,34968,34496,35981,35440,37015,36401,38069,37380,39143,38377,40236,39392,41349,40426,42483,41479
CR Dabiss,kbeHKCPDiJn,14696,15450,15150,15900,15601,16346,16062,16801,16532,17265,17012,17738,17501,18219,17999,18709,18507,19209,19025,19718,19552,20236,20088,20763
CR Kamsar,xNjOrO4Tv7o,57352,57019,59123,58679,60880,60323,62677,62001,64510,63712,66381,65454,68288,67230,70232,69038,72213,70879,74230,72755,76284,74665,78376,76609
CR Kanfarand�,dvVn1oyFpHw,14801,14856,15258,15288,15712,15717,16175,16154,16649,16599,17131,17054,17624,17516,18125,17987,18637,18467,19157,18956,19688,19454,20228,19960
CR Kolaboui,gm7R5LKsbtY,27596,30375,28449,31261,29296,32138,30162,33033,31045,33946,31947,34876,32866,35823,33803,36788,34757,37771,35730,38772,36720,39791,37728,40829
CR Malapouya,lDLffLJDQgr,4956,5409,5109,5567,5262,5723,5417,5883,5576,6045,5738,6211,5903,6379,6071,6551,6242,6726,6417,6904,6595,7086,6776,7271
CR Sangar�di,Rqdx5kOOzsK,38228,38901,39408,40034,40580,41156,41778,42301,43001,43469,44248,44658,45519,45869,46816,47104,48136,48361,49482,49641,50851,50944,52246,52271
CR Sansal�,gLb9hqdfYNF,5888,6095,6070,6272,6250,6448,6435,6627,6623,6810,6815,6997,7011,7187,7211,7380,7414,7577,7621,7778,7832,7982,8047,8190
CR Tan�n�,ULO6UpoFLke,16688,17578,17204,18090,17716,18598,18239,19116,18773,19643,19318,20181,19873,20729,20439,21287,21016,21855,21604,22434,22202,23023,22811,23624
DPS Bok�,THgRhO9eF0I,0,0,0,0,-1,-1,-1,0,0,1,0,-1,-1,0,1,1,2,0,-1,-2,1,-1,3,0
CR Baguinet,fW1FgNaAg59,6585,7385,6789,7601,6991,7814,7198,8032,7408,8254,7624,8480,7843,8710,8067,8945,8295,9184,8527,9428,8763,9675,9004,9928
Banguigny,DSFsYo5FT9p,4037,4705,4162,4842,4286,4978,4412,5117,4542,5259,4674,5403,4808,5550,4946,5699,5085,5852,5228,6007,5373,6165,5520,6326
CU Fria,eRDLTTPxuXz,29731,32418,30650,33363,31563,34299,32495,35254,33447,36228,34418,37221,35408,38231,36418,39261,37446,40310,38493,41378,39560,42465,40646,43573
CR Torm�lin,qykxLNauieS,6118,6578,6307,6770,6495,6960,6686,7153,6882,7351,7082,7552,7286,7757,7493,7966,7705,8179,7920,8396,8140,8616,8363,8841
DPS Fria,jiGkwTWpBeq,0,0,-1,-1,-1,0,1,1,1,0,0,0,0,1,-1,1,0,-1,0,-1,-1,1,0,-1
CR Foulamory,oYkE7BXh3UI,4940,5318,5093,5472,5244,5626,5399,5783,5557,5942,5719,6105,5883,6271,6051,6440,6222,6612,6396,6787,6573,6965,6753,7147
CU Gaoual,p1d5DmA6a4D,9959,10801,10267,11115,10572,11427,10885,11746,11203,12070,11529,12401,11860,12737,12198,13080,12543,13430,12894,13785,13251,14148,13615,14517
CR Kakony,BQxJNBgwq0J,15499,17433,15979,17941,16455,18445,16941,18959,17437,19483,17944,20017,18460,20561,18987,21115,19523,21679,20069,22254,20626,22839,21192,23435
CR Koumbia,OJ4TN0nZnlv,22456,24391,23150,25101,23839,25806,24543,26525,25262,27257,25996,28004,26743,28764,27506,29539,28282,30328,29073,31131,29879,31950,30699,32783
CR Kounsitel,HeFLT4db05H,8383,10221,8643,10520,8901,10815,9164,11117,9433,11425,9707,11738,9987,12058,10272,12383,10563,12714,10858,13051,11160,13395,11467,13745
CR Malanta,ln9AO71blUq,6470,7833,6670,8062,6869,8289,7072,8520,7280,8756,7492,8996,7707,9241,7927,9490,8152,9744,8380,10002,8612,10266,8849,10534
CR Touba,BLLU0gRBVpY,12289,14040,12669,14450,13047,14855,13432,15270,13826,15692,14228,16122,14637,16560,15055,17006,15480,17461,15913,17924,16355,18395,16804,18875
CR Wendou Mbour,vv02QA4LwNm,12015,13314,12386,13703,12755,14087,13132,14480,13517,14880,13909,15288,14309,15703,14717,16126,15133,16557,15556,16995,15987,17442,16426,17897
DPS Gaoual,Motdz3Bql7L,1,0,0,0,-1,1,1,-1,1,0,-1,-1,2,-1,1,0,0,-1,1,1,0,-1,1,-2
CR Guinguan,llzgke9gnKw,6960,7465,7175,7683,7388,7898,7606,8118,7829,8342,8056,8571,8288,8804,8524,9041,8765,9282,9010,9528,9260,9778,9514,10033
CR Kamabi,mm63CGwGpgZ,7889,8389,8133,8633,8375,8875,8622,9122,8875,9374,9132,9631,9395,9892,9662,10159,9935,10430,10213,10706,10496,10987,10784,11274
CU Koundara,QB3rld9EUQe,13525,13971,13943,14378,14358,14782,14782,15193,15214,15612,15656,16040,16106,16475,16565,16918,17032,17370,17508,17830,17993,18298,18487,18775
CR Sambailo,PXDpgzsqAOA,7744,8016,7983,8250,8220,8481,8463,8717,8711,8958,8963,9203,9221,9453,9484,9707,9751,9966,10024,10230,10301,10499,10584,10772
CR Sar�boido,eNzEzrlDJP6,16499,17318,17008,17822,17514,18322,18031,18832,18559,19352,19098,19882,19647,20422,20207,20972,20777,21531,21358,22102,21949,22682,22552,23273
CR Termess�,J4kssFmkur2,7230,8178,7454,8416,7676,8652,7902,8894,8134,9139,8370,9390,8611,9645,8857,9905,9107,10170,9362,10439,9621,10714,9886,10993
CR Youkounkoun,yERbnihVh9m,3801,4085,3918,4204,4035,4322,4154,4443,4276,4565,4400,4690,4526,4818,4655,4947,4787,5080,4921,5214,5057,5351,5196,5491
DPS Koundara,pChTVBEAPJJ,-1,0,-1,0,-1,1,1,0,0,2,1,-1,0,-1,0,-1,0,-1,-1,-1,0,0,-1,0
IRS Bok�,fxtOlL8b8mb,-1,0,0,0,1,1,0,0,1,-1,0,-1,2,-1,1,-2,1,-2,2,-1,2,-3,1,-2
CU Dixinn,FbulqHRCtsA,69176,67833,71311,69807,73431,71763,75597,73759,77808,75793,80064,77866,82363,79977,84708,82128,87096,84318,89529,86548,92006,88820,94529,91133
CU Kaloum,YUD6N3YOBuy,31048,31984,32007,32915,32959,33838,33932,34780,34926,35740,35939,36718,36972,37714,38025,38729,39098,39763,40190,40816,41303,41887,42436,42979
CU Matam,zzBqOOqNQdt,72195,72379,74423,74486,76636,76574,78898,78704,81207,80876,83561,83088,85962,85342,88410,87638,90903,89976,93443,92357,96029,94781,98663,97250
CU Matoto,FJzm5nC8oNT,336943,335096,347344,344849,357670,354515,368225,364376,378998,374428,389986,384669,401189,395102,412612,405729,424248,416552,436099,427573,448168,438797,460459,450227
CU Ratoma,b6ZzbPFKXJG,331040,327374,341257,336901,351401,346343,361770,355977,372353,365796,383148,375800,394154,385991,405376,396372,416807,406945,428449,417711,440306,428676,452380,439841
ISV Conakry,odY5MzWb1jc,0,0,0,0,0,0,1,0,0,-1,-1,0,1,0,-1,-1,1,-2,0,0,1,1,1,0
CR Arfamoussayah,cniFm57HbH6,7780,8887,8021,9146,8260,9403,8504,9665,8753,9932,9007,10205,9267,10482,9531,10765,9800,11052,10074,11345,10354,11644,10638,11947
CR Banko,fHCoQADZ1kE,11283,12544,11632,12910,11978,13273,12332,13642,12694,14019,13062,14404,13438,14795,13821,15193,14212,15599,14609,16013,15014,16434,15426,16862
CR Bissikrima,fCKbRSJ9upd,13523,15378,13942,15827,14357,16271,14781,16725,15215,17187,15657,17658,16107,18138,16567,18627,17035,19125,17511,19632,17997,20148,18491,20674
CU Dabola,DtamTBvcA2u,18613,20205,19188,20794,19759,21378,20343,21973,20939,22580,21547,23199,22167,23829,22798,24470,23442,25124,24098,25789,24765,26467,25445,27157
CR Dogomet,XYx5IaGbAKU,12978,15025,13380,15463,13779,15898,14186,16341,14602,16793,15026,17253,15459,17722,15900,18200,16349,18686,16807,19182,17273,19687,17747,20200
CR Kankama,NzCtTJwakTz,6363,7056,6560,7262,6755,7466,6955,7674,7159,7886,7366,8102,7578,8322,7794,8546,8015,8775,8239,9007,8467,9244,8700,9485
CR Kindoye,kbmlNePgKW3,3075,3366,3170,3464,3264,3561,3361,3660,3459,3761,3560,3864,3662,3969,3767,4076,3873,4185,3981,4296,4092,4409,4204,4524
CR Konendou,TcEpaa6mLHE,4711,5394,4857,5552,5001,5707,5149,5867,5300,6029,5454,6194,5611,6362,5771,6534,5934,6708,6100,6886,6270,7067,6442,7252
CR Nd�ma,wX8otKbLe3M,7849,8765,8091,9021,8332,9274,8579,9532,8830,9796,9086,10064,9348,10337,9614,10616,9886,10900,10162,11188,10444,11483,10731,11782
DPS Dabola,GUSZlo8f9t8,0,2,-1,0,0,0,0,1,-1,1,1,0,0,1,1,0,0,0,2,1,-1,-1,1,1
CR Banora,nokLRfYRMHV,16747,17388,17264,17894,17778,18396,18303,18908,18838,19430,19385,19962,19942,20503,20510,21055,21089,21617,21678,22190,22279,22772,22890,23366
CR Dialakoro,uWfLv71b1gA,7143,7876,7364,8105,7583,8333,7807,8565,8036,8802,8269,9043,8507,9289,8750,9539,8997,9794,9249,10053,9505,10317,9766,10586
CR Diatif�r�,T52Brfx15rp,16195,17773,16695,18291,17192,18805,17700,19329,18219,19863,18748,20407,19287,20961,19837,21525,20397,22100,20968,22686,21549,23282,22141,23890
CU Dinguiraye,H9CbwnKnh9n,22920,24652,23628,25370,24332,26082,25050,26809,25784,27549,26533,28303,27296,29072,28074,29855,28866,30652,29673,31464,30495,32291,31333,33133
CR Gagnakaly,qsJDHv2p5e9,6193,6578,6384,6770,6574,6960,6768,7153,6966,7351,7168,7552,7374,7757,7585,7966,7799,8179,8017,8395,8239,8616,8465,8841
CR Kalinko,sz5qAntKeN0,15233,17031,15704,17528,16172,18020,16650,18522,17138,19034,17635,19556,18143,20087,18660,20628,19187,21179,19724,21741,20271,22312,20827,22894
CR Lansanaya,rcNu2jNlfw5,4459,4731,4596,4869,4733,5006,4873,5145,5016,5287,5161,5432,5310,5579,5461,5729,5615,5882,5772,6038,5932,6197,6095,6358
CR S�louma,xQdyHwBBvwS,6293,6992,6488,7196,6681,7398,6879,7604,7080,7814,7286,8028,7495,8246,7709,8468,7927,8694,8149,8925,8375,9159,8604,9398
DPS Dinguiraye,IPv04VSahDi,0,0,1,0,0,-1,0,0,0,-1,0,-1,1,0,0,1,1,1,0,-1,-1,1,0,0
CR Banian,Ne4GYjIt7wI,17835,19137,18386,19694,18933,20247,19492,20811,20063,21385,20646,21971,21239,22568,21845,23175,22461,23794,23089,24424,23729,25066,24380,25720
CR Beindou,XokzeeA2B1x,7948,8836,8193,9093,8437,9349,8687,9609,8941,9875,9201,10145,9465,10421,9735,10701,10010,10987,10290,11278,10576,11575,10866,11877
CU Faranah,lb53NElnxEy,38675,39961,39869,41124,41055,42278,42267,43454,43505,44654,44767,45876,46053,47121,47365,48389,48702,49680,50063,50995,51449,52335,52861,53699
CR Nialia,NE2MpxB4fts,6941,7835,7156,8064,7369,8290,7587,8521,7809,8757,8036,8997,8267,9241,8503,9490,8743,9744,8988,10002,9237,10265,9491,10533
CR H�r�makono,H9KCdCXZztr,6181,7017,6373,7222,6562,7424,6756,7631,6954,7842,7156,8057,7362,8276,7572,8499,7786,8726,8004,8958,8226,9193,8452,9433
CR Kobikoro,cm2U8Hw6WTl,6699,7338,6906,7552,7112,7764,7322,7980,7536,8201,7755,8425,7978,8654,8206,8887,8438,9124,8674,9366,8914,9612,9159,9863
CR Marella,d2o2YXHoSgT,15627,17320,16110,17825,16589,18325,17080,18836,17580,19356,18091,19887,18611,20427,19142,20977,19682,21538,20233,22108,20794,22690,21365,23281
CR Passaya,Cs0vpn8x153,9598,10447,9894,10752,10189,11054,10490,11361,10797,11675,11111,11995,11430,12321,11756,12653,12088,12991,12426,13335,12770,13685,13121,14042
CR Sand�nia,bmS9w09gbOB,8426,9313,8686,9584,8945,9854,9209,10128,9479,10408,9754,10693,10035,10983,10321,11279,10613,11581,10910,11888,11212,12200,11520,12518
CR Songoyah,am0OTsxGA9U,6486,6967,6687,7170,6886,7371,7089,7576,7297,7785,7508,7998,7724,8216,7945,8437,8169,8662,8397,8892,8630,9125,8867,9363
CR Tindo,G5hloBc1ixT,2394,2678,2468,2757,2541,2834,2616,2913,2693,2993,2771,3075,2851,3159,2932,3244,3015,3331,3100,3419,3186,3509,3273,3600
CR Tiro,cig8gcEGMFx,9068,9998,9348,10290,9626,10579,9911,10873,10201,11174,10497,11480,10799,11792,11107,12109,11421,12433,11741,12762,12066,13098,12397,13439
DPS Faranah,qmVkCsfziWM,-1,0,0,-1,1,-2,1,2,2,0,1,1,4,-1,1,1,1,0,0,1,-1,0,0,1
CR Albadariah,L8mMLORahue,8278,8742,8533,8996,8787,9249,9047,9506,9312,9769,9582,10036,9857,10309,10138,10586,10424,10869,10716,11157,11013,11450,11315,11748
CR Banama,x6xMbAPc2eF,4247,4677,4378,4813,4508,4948,4642,5086,4778,5226,4916,5370,5058,5515,5202,5664,5349,5815,5498,5969,5651,6126,5806,6286
CR Bardou,kwalyeZ92oN,4679,5126,4823,5275,4967,5423,5114,5574,5263,5728,5416,5885,5572,6045,5731,6208,5893,6374,6058,6543,6225,6715,6396,6890
CR Beindou,xAIfiR5urEg,7018,7868,7235,8097,7450,8325,7671,8557,7896,8793,8125,9034,8359,9279,8597,9529,8840,9784,9087,10043,9339,10307,9596,10576
CR Fermessadou,oVY7nSc1f6l,9142,10588,9425,10896,9706,11203,9993,11515,10286,11833,10585,12158,10890,12488,11200,12825,11517,13168,11839,13517,12168,13872,12502,14234
CR Firawa,lainjFCw0qK,5512,5947,5683,6121,5852,6292,6025,6468,6201,6646,6381,6828,6565,7014,6752,7202,6942,7395,7137,7591,7334,7790,7536,7993
CR Gbangbadou,LGBoZvDWf71,6679,7316,6885,7529,7090,7740,7300,7956,7514,8176,7732,8400,7954,8628,8181,8860,8412,9097,8647,9338,8887,9583,9131,9833
CU Kissidougou,zeRoaojBIqI,50699,53062,52265,54608,53820,56139,55409,57702,57031,59295,58686,60918,60373,62572,62093,64256,63845,65971,65630,67718,67448,69497,69299,71308
CR Kondiadou,lGfZboEkiIa,7050,8108,7268,8344,7485,8579,7706,8818,7932,9062,8163,9310,8398,9563,8637,9821,8881,10084,9130,10351,9383,10623,9641,10900
CR Manfran,aP4Eizo7KJe,6853,7247,7064,7458,7274,7667,7489,7881,7709,8099,7932,8320,8160,8546,8393,8776,8630,9011,8871,9249,9117,9492,9367,9740
CR Sangardo,vFnSO9m4t9l,10678,11468,11008,11802,11336,12133,11671,12471,12013,12815,12361,13166,12717,13524,13079,13888,13449,14259,13825,14636,14208,15021,14598,15413
CR Yend� Millimou,Jrbb2hNVIXr,9694,10783,9994,11098,10292,11409,10596,11727,10906,12051,11223,12381,11546,12718,11875,13060,12211,13409,12552,13765,12900,14127,13255,14495
CR Yombiro,xF5pEvKCH3i,6621,7784,6826,8011,7030,8236,7238,8466,7450,8700,7666,8939,7887,9182,8112,9429,8342,9681,8575,9938,8813,10200,9055,10466
DPS Kissidougou,VUj3PJpzty8,0,-1,2,1,1,1,-1,0,-1,1,1,0,0,-1,2,1,0,-1,1,-1,-1,0,-2,1
IRS Faranah,QrHKMLcRSCA,0,-1,-1,0,0,0,0,-1,1,0,0,0,-1,0,0,1,0,0,-1,0,1,0,0,0
CR Balandou,E7snWt5LyVI,12879,13735,13276,14135,13672,14532,14075,14937,14488,15349,14908,15770,15337,16198,15774,16634,16219,17078,16673,17530,17134,17991,17605,18460
CR Bat� Nafadji,TmOMjE6oIaA,23725,24683,24458,25402,25186,26115,25930,26841,26689,27582,27463,28337,28252,29106,29057,29890,29877,30688,30712,31500,31563,32328,32429,33170
CR Boula,zMghPIaaJHr,7692,8151,7930,8389,8166,8624,8407,8864,8653,9109,8904,9358,9160,9613,9421,9871,9687,10135,9958,10403,10234,10677,10515,10955
CR Gb�r�dou Baranama,QZP1r2dW3qX,8657,9277,8924,9547,9190,9815,9462,10088,9739,10367,10021,10651,10310,10940,10603,11234,10903,11534,11208,11840,11518,12151,11834,12468
CU Kankan,NbgItIQsdYM,98711,96292,101757,99093,104781,101870,107872,104703,111027,107590,114245,110532,117527,113529,120872,116582,124280,119691,127750,122857,131285,126081,134885,129364
CR Karifamoriah,HvlQfVrjutz,12060,12953,12433,13331,12803,13705,13181,14086,13567,14475,13961,14872,14362,15276,14772,15687,15189,16106,15613,16532,16046,16967,16486,17409
CR Koumban,qNybaQIe3nd,9939,11401,10246,11734,10551,12063,10863,12399,11182,12742,11507,13091,11838,13447,12176,13810,12520,14179,12870,14555,13227,14938,13590,15327
CR Mamouroudou,xHx697Z8Ks0,7116,7709,7336,7934,7554,8157,7777,8384,8005,8615,8238,8851,8475,9092,8716,9337,8962,9586,9213,9840,9468,10098,9728,10362
CR Missamana,PIsinT0mQ4q,8684,9443,8953,9718,9219,9991,9492,10269,9770,10553,10053,10842,10342,11137,10637,11436,10938,11742,11243,12053,11555,12370,11872,12692
CR Moribayah,GKEVk1N2Sr4,7068,7443,7287,7660,7504,7875,7725,8094,7951,8317,8182,8545,8417,8777,8657,9013,8902,9254,9150,9499,9404,9748,9662,10003
CR Sabadou Baranama,QpMEJnUcs7E,11322,12136,11672,12489,12020,12840,12375,13197,12737,13562,13107,13933,13484,14311,13868,14697,14259,15089,14658,15489,15064,15896,15478,16310
CR Tinti Oulen,Lj28Q4cjrGF,10405,11281,10726,11610,11046,11936,11372,12268,11705,12607,12045,12952,12391,13304,12745,13662,13105,14027,13471,14399,13844,14777,14224,15162
CR Tokounou,tUAgW5sDn5C,15812,17322,16301,17827,16786,18327,17282,18838,17789,19358,18305,19889,18832,20429,19369,20979,19916,21539,20473,22110,21040,22691,21618,23283
DPS Kankan,Z71gNmPnc22,1,0,1,0,-1,-2,1,1,0,2,1,0,1,-2,1,-1,-1,-2,2,-2,2,-2,2,-1
CR Banankoro,zeSZmFRE7pa,33924,33287,34970,34255,36010,35215,37072,36195,38157,37193,39263,38210,40391,39246,41540,40301,42712,41376,43904,42471,45119,43586,46356,44721
CR Damaro,YqFDWp4Fmte,13289,14358,13700,14776,14108,15191,14525,15614,14950,16045,15384,16485,15826,16933,16277,17388,16737,17853,17205,18326,17682,18807,18167,19298
CU K�rouan�,vo1HkVIdzQT,18040,18600,18597,19141,19150,19678,19715,20226,20292,20784,20881,21353,21481,21932,22093,22522,22716,23124,23351,23736,23998,24359,24656,24994
CR Komodou,RIvg1IZqZaW,10753,11030,11085,11351,11415,11669,11752,11994,12096,12325,12447,12662,12804,13006,13169,13356,13541,13712,13919,14075,14304,14445,14697,14821
CR Konsankoro,rUtPhHQzsrj,3356,3621,3459,3727,3562,3831,3668,3938,3775,4047,3885,4157,3996,4270,4110,4385,4226,4502,4344,4622,4465,4743,4587,4867
CR Linko,REFLwu5sZcX,5643,6046,5818,6222,5991,6397,6168,6575,6349,6757,6533,6942,6721,7130,6912,7322,7107,7518,7306,7717,7509,7920,7715,8126
CR Sibiribaro,LRPTAGa1bqw,8263,8811,8519,9068,8772,9323,9031,9582,9296,9847,9566,10116,9841,10391,10121,10671,10407,10956,10698,11246,10994,11541,11296,11842
CR Soromaya,CUFXNjuBZxJ,9789,10639,10092,10949,10392,11256,10699,11570,11013,11890,11332,12215,11658,12547,11991,12885,12329,13229,12674,13579,13025,13936,13383,14300
DPS K�rouan�,dkWnjo1bSrU,0,0,0,1,0,0,0,-1,-1,-1,-1,0,1,0,2,1,1,-1,2,-1,1,0,1,-1
CR Babila,GO5I1rywxrH,7681,8259,7918,8500,8154,8739,8395,8982,8641,9230,8892,9483,9147,9740,9408,10002,9674,10270,9944,10542,10220,10819,10500,11101
CR Balato,OAVHV9V4r06,8049,8505,8298,8752,8545,8998,8797,9248,9055,9504,9318,9764,9586,10029,9859,10299,10137,10574,10420,10854,10709,11139,11003,11429
CR Banf�l�,Kpjb9Hhj7kX,12090,12787,12464,13159,12835,13528,13214,13905,13601,14289,13995,14680,14398,15079,14808,15485,15226,15898,15652,16319,16085,16748,16527,17184
CR Baro,YSfixbtZGqe,7516,8105,7748,8341,7978,8575,8214,8814,8455,9057,8700,9306,8950,9558,9205,9816,9465,10078,9730,10345,10000,10617,10274,10893
CR Ciss�la,GHapafaONLx,20410,21714,21041,22347,21667,22974,22307,23613,22960,24265,23627,24930,24306,25607,24999,26296,25704,26998,26423,27713,27155,28441,27900,29183
CR Douako,ni1Cvoov0t1,11040,12592,11381,12959,11720,13323,12067,13694,12420,14073,12781,14459,13149,14852,13524,15252,13906,15660,14295,16075,14692,16497,15095,16928
CR Doura,yqXgABITy5e,9202,9634,9486,9915,9768,10193,10057,10476,10351,10766,10652,11060,10958,11360,11270,11666,11588,11978,11912,12295,12242,12618,12578,12947
CR Kini�ro,nCcxJQpsG86,10873,11632,11209,11971,11543,12307,11884,12650,12232,12999,12587,13355,12949,13718,13318,14087,13694,14463,14077,14846,14467,15236,14864,15633
CR Komola Khoura,lKYJIVOkZa0,6821,7346,7032,7560,7241,7772,7455,7989,7674,8209,7896,8434,8123,8663,8355,8896,8591,9134,8831,9376,9076,9622,9325,9873
CR Koumana,QPdwWSxVytS,6287,6635,6482,6828,6674,7019,6872,7215,7073,7414,7278,7617,7487,7824,7701,8034,7918,8249,8139,8467,8365,8690,8594,8916
CU Kouroussa,yNAe4gtdwBr,19894,19865,20508,20443,21117,21016,21741,21601,22377,22197,23025,22804,23687,23423,24361,24053,25048,24694,25748,25348,26461,26013,27187,26691
CR Sanguiana,QIPjvN36cbq,11675,12260,12035,12617,12393,12971,12759,13332,13133,13700,13514,14075,13902,14457,14299,14846,14702,15243,15113,15646,15532,16057,15958,16476
DPS Kouroussa,kVULorkd7Vt,0,-1,0,0,2,0,-1,1,-1,1,0,-1,1,-1,0,0,1,-2,2,-1,-2,0,0,1
CR Balandougouba,ePQPUCsUAMh,14350,14600,14793,15025,15233,15447,15683,15876,16142,16315,16610,16761,17087,17216,17574,17679,18069,18151,18574,18631,19089,19120,19612,19618
CR Dialakoro,uWfLv71b1gA,32087,31545,33077,32463,34060,33372,35065,34301,36091,35247,37137,36211,38204,37192,39291,38193,40399,39211,41528,40249,42677,41305,43847,42381
CR Faralako,HoszwtOm7tI,11955,12213,12324,12569,12691,12921,13065,13281,13448,13648,13838,14021,14236,14401,14641,14789,15054,15184,15475,15585,15903,15995,16339,16412
CR Kantoumanina,ixIn4S1jxQL,5889,5930,6071,6103,6251,6274,6436,6448,6624,6626,6816,6808,7012,6992,7211,7180,7415,7372,7622,7567,7833,7766,8048,7968
CR Kini�ran,Oz8WuWqyBPu,19164,19062,19755,19617,20343,20167,20943,20728,21556,21299,22181,21882,22818,22475,23468,23080,24129,23695,24803,24322,25490,24961,26189,25611
CR Koundianakoro,ggV9KQFVEnf,15635,16158,16118,16629,16597,17095,17087,17571,17587,18056,18097,18550,18618,19054,19148,19566,19688,20089,20238,20621,20799,21162,21369,21714
CR Koundian,hM4e6UiYJAI,16150,16501,16649,16981,17144,17457,17650,17943,18167,18438,18694,18943,19231,19457,19779,19980,20337,20513,20905,21056,21484,21609,22073,22172
CU Mandiana,s1OcaDimoY5,11741,11187,12103,11512,12463,11835,12830,12164,13206,12499,13588,12841,13978,13189,14376,13543,14781,13905,15194,14272,15614,14647,16042,15028
CR Morodou,XX532XKmUgf,14043,14650,14477,15076,14908,15499,15348,15931,15797,16370,16255,16819,16723,17275,17199,17740,17685,18213,18179,18696,18682,19187,19195,19687
CR Niantanina,iNK7GP97jUz,7468,7137,7699,7345,7927,7550,8161,7760,8400,7974,8643,8192,8891,8414,9144,8641,9402,8871,9664,9105,9932,9344,10204,9588
CR Saladou,ofnUKUnR7sZ,9185,9229,9468,9498,9750,9764,10038,10036,10331,10313,10631,10595,10936,10882,11248,11175,11565,11473,11888,11777,12217,12086,12552,12401
CR Sansando,pcJETgNolTC,11720,11436,12082,11769,12441,12099,12808,12435,13182,12778,13564,13128,13954,13484,14351,13846,14756,14215,15168,14591,15588,14974,16015,15364
DPS Mandiana,ISZZ5m7PYAC,0,1,-1,0,-1,1,0,0,-1,0,1,-2,-1,0,0,0,1,0,1,0,-1,0,2,-1
CR Bankon,FgnsmBxSYDj,9545,8886,9839,9144,10132,9400,10430,9662,10735,9928,11046,10199,11363,10476,11686,10757,12016,11044,12351,11336,12693,11633,13040,11936
CR Doko,q2iAGrr9aEz,39028,39419,40233,40566,41429,41703,42652,42864,43900,44046,45173,45252,46471,46479,47795,47729,49143,49003,50516,50300,51914,51621,53338,52965
CR Franwalia,MzJnFLIUXYf,14911,14630,15371,15056,15828,15478,16295,15909,16772,16347,17258,16794,17754,17250,18259,17714,18774,18186,19298,18667,19832,19157,20376,19656
CR Kini�bakoura,Ol6EkTnCLcY,14520,14405,14969,14825,15414,15240,15869,15664,16333,16096,16806,16536,17289,16985,17781,17442,18283,17907,18793,18381,19314,18863,19843,19355
CR Kintinian,ftSXZXB2Ym7,63521,62428,65481,64244,67427,66045,69417,67881,71447,69754,73518,71661,75630,73604,77783,75584,79976,77600,82210,79652,84485,81743,86801,83872
CR Mal�a,Bdkdv6FCjIq,13638,14082,14060,14493,14478,14899,14905,15314,15342,15736,15787,16167,16240,16606,16703,17053,17174,17508,17654,17971,18143,18443,18641,18924
CR Naboun,TJUXxLdn79s,12299,13282,12679,13669,13057,14053,13442,14444,13836,14843,14238,15250,14647,15664,15065,16086,15490,16515,15923,16953,16364,17398,16814,17852
CR Niagassola,iTrk1pPWfLz,15467,15446,15945,15895,16419,16341,16903,16796,17398,17259,17902,17731,18416,18212,18941,18702,19475,19201,20019,19709,20573,20226,21137,20753
CR Niandankoro,gO8qFsRQsmQ,11769,12305,12133,12664,12494,13019,12863,13381,13239,13751,13624,14127,14015,14511,14415,14901,14821,15299,15236,15704,15658,16116,16087,16537
CR Norassoba,n4evMT2sRyA,19886,20620,20501,21221,21110,21816,21734,22423,22370,23042,23019,23673,23681,24315,24355,24969,25043,25636,25742,26315,26455,27006,27181,27710
CR Nounkounkan,P1tnEoOpkEX,6496,6497,6697,6686,6896,6874,7099,7065,7307,7260,7519,7459,7735,7661,7955,7867,8180,8077,8408,8291,8641,8508,8878,8730
CU Siguiri,lDLnzlrMYVy,94277,90965,97186,93611,100074,96234,103026,98909,106039,101637,109112,104415,112245,107246,115439,110129,118694,113066,122008,116056,125383,119101,128821,122202
CR Siguirini,DQXgfrpH1Kj,28005,27454,28869,28253,29727,29045,30604,29853,31499,30676,32412,31515,33343,32370,34292,33240,35259,34127,36244,35029,37247,35949,38268,36885
DPS Siguiri,QZJuFnb2WZ6,2,2,-1,1,0,0,1,0,1,0,0,0,2,-2,1,-1,0,-3,2,-2,1,0,2,-2
IRS Kankan,D1rT7FToSE4,0,0,0,0,0,0,1,-1,1,-1,0,0,1,-1,1,-1,2,0,1,0,1,-2,2,-3
CU Coyah,XyILV847rS7,23882,26149,24620,26911,25353,27666,26102,28437,26867,29222,27647,30023,28442,30838,29253,31669,30079,32515,30920,33376,31777,34254,32650,35147
CR Kouria,WNk8MaLoLuf,5115,4986,5272,5132,5429,5275,5589,5422,5753,5572,5920,5724,6090,5879,6263,6037,6440,6198,6619,6362,6802,6529,6989,6699
CR Man�ah,EqAyyzNMbvC,80699,88196,83194,90766,85670,93314,88202,95913,90786,98563,93421,101263,96109,104013,98849,106814,101640,109667,104483,112573,107378,115532,110326,118545
CR Wonkifong,hUWg7lkHwXp,18273,18575,18837,19116,19397,19652,19970,20199,20554,20757,21150,21324,21758,21903,22378,22492,23009,23092,23652,23704,24307,24326,24973,24960
DPS Coyah,KnR8IiGoSxQ,0,0,0,0,1,1,0,0,0,-1,0,0,0,0,0,0,0,1,1,0,0,-1,1,-1
CR Badi,OQ7WcGcChGz,5027,5722,5182,5889,5337,6054,5494,6223,5656,6395,5820,6571,5987,6749,6158,6931,6332,7116,6509,7305,6690,7497,6874,7693
CU Dubr�ka,BLfUQufUvQn,86576,85329,89248,87812,91901,90272,94613,92783,97380,95342,100203,97950,103081,100606,106016,103312,109005,106067,112050,108873,115151,111731,118308,114641
CR Falessad�,zcdikH2hNTZ,5394,5720,5561,5887,5726,6052,5895,6221,6068,6392,6244,6567,6424,6746,6607,6927,6793,7112,6983,7300,7177,7492,7374,7688
CR Khorira,Eg8m0smwXAU,12514,13226,12901,13611,13285,13993,13677,14382,14078,14780,14486,15184,14903,15596,15327,16016,15760,16444,16200,16879,16649,17323,17106,17774
CR Ouassou,n80qBKPpis8,7620,8172,7855,8410,8089,8646,8328,8886,8572,9132,8820,9382,9074,9637,9333,9896,9596,10160,9864,10429,10138,10704,10416,10983
CR Tan�n�,Kb81trIcvYz,23143,25350,23858,26089,24569,26821,25295,27569,26036,28330,26792,29106,27562,29897,28348,30702,29149,31522,29964,32357,30794,33208,31640,34074
CR Tondon,UaVWPmC179W,23296,25881,24016,26636,24731,27383,25462,28146,26208,28924,26969,29717,27745,30524,28536,31346,29342,32184,30163,33037,30999,33905,31850,34790
DPS Dubr�ka,VyZGMioVY5z,0,0,0,-1,-1,1,0,1,-1,0,1,-1,1,-1,1,0,1,0,2,0,0,-2,1,-3
CR Allassoyah,Yb6JsTQLWly,7322,7632,7548,7854,7773,8074,8002,8299,8236,8528,8475,8761,8719,8999,8967,9241,9220,9488,9478,9739,9741,9995,10008,10256
CR Benty,qDcWOvcbqMe,11702,12652,12063,13021,12422,13387,12789,13759,13164,14139,13546,14527,13936,14921,14333,15323,14738,15732,15150,16149,15570,16573,15997,17006
CR Farmoriah,RZlwMq2VtFV,16041,17320,16537,17825,17029,18325,17532,18835,18046,19356,18570,19886,19104,20426,19648,20976,20203,21536,20768,22106,21343,22687,21929,23279
CU For�cariah,NV92jVGhG5q,10019,10429,10329,10733,10636,11034,10950,11341,11271,11654,11598,11973,11931,12298,12271,12629,12617,12966,12970,13309,13329,13659,13695,14015
CR Kaback,IDCLApw7r6l,9505,10770,9799,11084,10090,11396,10389,11713,10693,12037,11004,12367,11321,12703,11644,13045,11972,13394,12307,13749,12649,14110,12996,14479
CR Kakossa,xQMcMk2XLNB,4621,4854,4764,4996,4906,5136,5051,5279,5198,5425,5349,5573,5503,5724,5660,5878,5820,6035,5982,6195,6148,6358,6317,6524
CR Kaliah,KcZpEJQMJQM,9208,10241,9493,10540,9775,10836,10064,11138,10359,11446,10660,11759,10967,12079,11279,12404,11598,12735,11922,13073,12253,13417,12589,13767
CR Maf�rinyah,F3uOwQ7Zydv,21507,22572,22172,23229,22831,23881,23506,24546,24194,25224,24896,25914,25611,26617,26341,27334,27085,28064,27842,28807,28613,29563,29398,30334
CR Moussayah,AKd2Wg8qC62,18121,20089,18682,20675,19238,21255,19806,21848,20387,22451,20979,23066,21582,23693,22198,24331,22825,24981,23463,25643,24113,26317,24776,27004
CR Sikhourou,InQyerCQCiY,9321,11012,9609,11334,9896,11652,10189,11977,10487,12309,10792,12646,11103,12990,11420,13340,11743,13697,12071,14060,12406,14430,12747,14807
DPS For�cariah,CXHCAlP68L5,1,2,-1,0,1,0,1,0,1,-1,0,0,0,0,1,1,0,1,2,1,0,1,1,-3
CR Bangouya,ZudheZVWRTX,25218,28192,25998,29014,26772,29829,27563,30660,28371,31507,29195,32371,30035,33250,30892,34146,31764,35058,32653,35987,33558,36934,34480,37897
CR Damakania,lbLjoZaBmnr,12931,12793,13330,13165,13726,13534,14131,13910,14545,14294,14966,14685,15396,15083,15835,15489,16281,15902,16736,16323,17199,16751,17671,17188
CR Friguiagb�,fJknXATodI8,16752,17550,17269,18061,17783,18568,18308,19085,18844,19612,19391,20149,19949,20695,20517,21253,21096,21820,21686,22398,22286,22986,22898,23585
CU Kindia,ol5DZ2afmTL,83971,88035,86565,90599,89140,93141,91773,95734,94460,98377,97201,101070,99995,103813,102844,106607,105747,109453,108703,112351,111713,115303,114779,118308
CR Kolent�,QvNyRIU9gRQ,15183,16418,15652,16896,16118,17370,16594,17854,17080,18347,17576,18850,18081,19362,18597,19883,19122,20414,19656,20955,20201,21506,20755,22066
CR Madina Oula,b30QPVeqfVK,11204,12320,11551,12680,11894,13035,12246,13399,12605,13769,12971,14146,13344,14530,13724,14922,14112,15320,14507,15726,14909,16139,15318,16560
CR Mambia,MGtOBD6SdQO,13091,13653,13496,14050,13897,14444,14308,14846,14727,15256,15154,15674,15589,16099,16034,16533,16486,16974,16947,17423,17416,17881,17894,18347
CR Molota,jeqG74b9PWd,5832,6388,6012,6574,6191,6759,6374,6947,6561,7139,6752,7335,6946,7534,7144,7737,7346,7944,7551,8154,7760,8368,7973,8587
CR Samaya,k0T1lBX8gfx,10253,11236,10569,11563,10884,11888,11206,12219,11534,12556,11869,12900,12210,13251,12558,13607,12913,13971,13274,14341,13642,14718,14017,15102
CR Sougueta,HvsSYG1GLD4,19910,22054,20525,22697,21136,23334,21761,23984,22399,24647,23049,25322,23712,26010,24388,26711,25077,27425,25779,28151,26493,28891,27221,29645
DPS Kindia,zmSjEUspuVL,0,0,0,1,2,1,1,1,-1,1,-1,-1,1,1,0,-1,0,-1,-1,1,1,0,0,0
CR Bourouwal,yHhX9qOOmtj,11088,14556,11432,14981,11773,15403,12122,15833,12478,16272,12841,16719,13211,17174,13589,17638,13974,18110,14365,18591,14764,19081,15171,19580
CR Daramagnaky,Wf7IaV5YnBy,15506,18028,15986,18554,16463,19076,16949,19608,17446,20150,17953,20702,18470,21265,18997,21838,19534,22422,20081,23017,20638,23622,21205,24239
CR Gougoudj�,OOjncRJHLg9,4915,5975,5067,6149,5218,6322,5372,6498,5530,6678,5691,6861,5855,7048,6022,7238,6192,7432,6366,7629,6542,7830,6722,8034
CR Koba,H3C4tXKStOr,4424,5102,4561,5250,4697,5398,4836,5548,4978,5702,5122,5858,5270,6017,5420,6179,5573,6345,5729,6513,5888,6684,6050,6859
CR Kollet,yM7evLgWQww,9967,11419,10275,11752,10581,12082,10894,12419,11214,12762,11539,13112,11871,13469,12210,13832,12555,14201,12907,14578,13264,14961,13629,15352
CR Konsotami,OrnqQ3xne7k,5871,7228,6052,7439,6233,7648,6417,7862,6606,8079,6798,8301,6994,8527,7193,8757,7397,8991,7604,9230,7815,9473,8030,9720
CR Missira,LAx7FDWvP2T,20927,23156,21574,23831,22216,24500,22873,25183,23543,25879,24227,26588,24924,27310,25634,28046,26358,28795,27096,29558,27847,30335,28611,31126
CR Santou,W9d7BZcKlcP,6049,7910,6237,8141,6423,8370,6613,8604,6807,8843,7005,9085,7207,9333,7413,9585,7623,9842,7837,10103,8055,10369,8276,10640
CR Sar�kali,b7hjrHBlxny,6335,8664,6531,8917,6726,9169,6926,9425,7129,9686,7337,9952,7549,10223,7764,10500,7984,10781,8208,11068,8436,11359,8669,11656
CR Sinta,rzq6YzEVLVl,9494,11310,9787,11640,10079,11967,10377,12301,10682,12641,10992,12988,11309,13341,11632,13701,11960,14068,12295,14441,12636,14821,12984,15208
CR Sogolon,NQmUppEpEDr,12162,13727,12538,14128,12911,14524,13293,14929,13683,15342,14080,15762,14485,16190,14899,16627,15319,17071,15748,17523,16185,17984,16629,18453
CR Tarihoye,vNv3aginVaJ,6956,7833,7172,8062,7385,8288,7603,8519,7826,8755,8054,8995,8285,9239,8522,9488,8762,9742,9008,10000,9257,10263,9512,10530
CU T�lim�l�,O4F8HfyjLde,11142,13768,11487,14170,11829,14568,12179,14975,12537,15389,12901,15811,13273,16242,13652,16680,14038,17126,14432,17581,14832,18043,15240,18515
CR Thionthian,VyDpT6a2klk,6212,7197,6404,7407,6595,7615,6790,7827,6989,8043,7192,8264,7399,8489,7610,8717,7825,8950,8044,9188,8267,9429,8494,9676
DPS T�lim�l�,C4dKrWoT5au,0,0,0,1,1,1,2,0,0,-1,1,0,1,-1,2,-2,4,-2,0,-4,2,-1,1,-2
IRS Kindia,yTNEihLzQwC,-1,0,1,0,0,-2,1,-1,2,-1,2,-2,3,-3,1,-3,3,-5,4,-4,5,-3,4,-4
CR Fafaya,fKmi58jcs1v,9342,11046,9631,11368,9918,11688,10212,12014,10511,12346,10817,12684,11128,13029,11446,13381,11769,13738,12099,14103,12435,14474,12776,14852
CR Gadha Woundou,dDaHR7kkpvy,3306,3722,3408,3830,3510,3938,3614,4048,3720,4160,3828,4274,3938,4390,4050,4508,4164,4629,4281,4751,4400,4876,4521,5003
CU Koubia,DNyokQvkeAy,10118,11972,10431,12322,10742,12668,11060,13021,11384,13381,11715,13748,12053,14122,12397,14503,12747,14891,13104,15286,13468,15688,13838,16097
CR Matakaou,LrZN5XEAXj1,7405,8943,7634,9204,7861,9462,8094,9726,8331,9995,8574,10270,8821,10549,9072,10833,9329,11123,9590,11418,9856,11719,10127,12025
CR Missira,K3tvapMTYDL,4854,6383,5005,6570,5154,6755,5307,6943,5463,7136,5622,7332,5784,7531,5949,7735,6118,7942,6289,8153,6464,8368,6642,8586
CR Pilimini,UigVSr9l3lv,10549,13043,10876,13424,11200,13801,11532,14187,11870,14579,12215,14979,12567,15387,12926,15802,13292,16225,13664,16655,14043,17094,14430,17540
DPS Koubia,HC3N6HbSdfg,1,0,0,-1,1,0,-1,0,1,0,-1,0,0,0,1,0,0,-1,1,0,-1,-1,-1,1
CR Dalein,tN9JQ9P4RU6,7371,10525,7600,10833,7827,11138,8059,11450,8296,11767,8538,12091,8784,12421,9036,12756,9292,13098,9553,13447,9818,13801,10089,14163
CR Daralab�,ktG4PkPKwnh,3777,5393,3895,5551,4011,5707,4130,5867,4251,6030,4375,6196,4502,6365,4630,6537,4762,6712,4895,6890,5031,7072,5170,7257
CR Diari,m2BqmErUiKP,5628,8529,5803,8779,5977,9026,6154,9279,6335,9536,6520,9799,6708,10066,6900,10339,7096,10616,7295,10899,7498,11186,7705,11479
CR Dionfo,Filfz8dOTnL,5468,7187,5637,7397,5806,7605,5978,7817,6153,8034,6332,8254,6515,8479,6701,8708,6891,8941,7084,9179,7281,9421,7481,9667
CR Garamb�,LjqTho3k2j4,4045,5460,4170,5619,4295,5778,4422,5939,4552,6104,4685,6271,4820,6442,4958,6616,5098,6794,5241,6974,5387,7158,5535,7345
CR Hafia,WBGejRUaF3y,6173,8457,6365,8704,6555,8950,6749,9200,6947,9455,7150,9715,7356,9979,7566,10249,7781,10524,7999,10803,8221,11088,8448,11378
CR Kaalan,HHK1f1mo9hO,4709,5598,4855,5761,4999,5923,5147,6089,5298,6257,5452,6429,5609,6603,5769,6781,5932,6963,6099,7148,6268,7336,6440,7527
CR Kouramangui,aaywybtAu6e,5671,8961,5847,9223,6022,9484,6201,9749,6383,10020,6570,10296,6760,10577,6953,10864,7151,11155,7351,11452,7556,11755,7765,12063
CU Lab�,oYSyKdp5JYN,68193,74524,70301,76696,72394,78849,74533,81045,76716,83284,78944,85565,81215,87889,83530,90256,85889,92667,88291,95122,90737,97623,93229,100168
CR Noussy,acCqfpyUz5q,5868,7986,6049,8219,6230,8451,6415,8687,6603,8928,6796,9173,6992,9423,7192,9678,7395,9937,7603,10201,7814,10470,8029,10744
CR Popodara,lob7kKWWfLa,10735,14351,11068,14770,11398,15186,11736,15611,12081,16043,12432,16484,12791,16933,13157,17390,13529,17856,13909,18331,14295,18814,14688,19306
CR Sannou,kfiCYnhfxcf,9187,11442,9471,11777,9754,12108,10043,12446,10337,12790,10638,13141,10945,13499,11257,13863,11576,14234,11900,14612,12230,14997,12566,15388
CR Tountourou,U247wpXHFBp,6935,8513,7150,8761,7363,9008,7581,9259,7804,9515,8031,9776,8262,10042,8498,10313,8738,10589,8983,10870,9232,11156,9486,11448
DPS Lab�,E1AAcXV9PxL,1,-1,1,1,0,-2,1,-2,5,-2,2,-2,2,-2,4,-3,3,-4,4,-6,7,-7,6,-6
CR Balaya,UpUx9y4rnU8,4362,5944,4497,6118,4631,6290,4769,6466,4909,6645,5052,6828,5197,7014,5346,7204,5497,7397,5652,7593,5809,7793,5969,7997
CR Diountou,ZfNj6HMO76H,6965,11129,7181,11455,7396,11778,7616,12108,7840,12444,8069,12787,8302,13136,8540,13492,8782,13854,9029,14223,9280,14599,9536,14982
CR H�rico,oo72b3A8zcr,7455,10804,7686,11120,7916,11433,8151,11753,8391,12079,8635,12411,8885,12750,9139,13095,9398,13446,9662,13803,9930,14168,10204,14538
CR Korb�,LKM2XQhFbdG,2865,4666,2954,4802,3043,4938,3133,5076,3225,5217,3319,5361,3415,5508,3513,5657,3613,5809,3715,5963,3818,6121,3923,6281
CR Lafou,UCIHNaURJmg,8295,12075,8552,12429,8808,12779,9069,13136,9336,13501,9608,13872,9885,14251,10168,14636,10457,15029,10750,15428,11049,15835,11353,16250
CU L�louma,pI2lCv7tGi2,6524,8082,6726,8318,6926,8552,7131,8790,7340,9034,7554,9281,7772,9534,7993,9791,8220,10053,8450,10320,8684,10592,8923,10869
CR Linsan Saran,wa9s8D0O8Zg,4708,5757,4854,5925,4998,6091,5146,6261,5297,6434,5451,6611,5608,6791,5769,6974,5932,7161,6098,7351,6267,7544,6439,7741
CR Manda,OYaTF0xh02O,3433,4565,3540,4698,3645,4830,3753,4965,3864,5103,3976,5243,4091,5386,4208,5531,4327,5679,4448,5830,4572,5984,4698,6140
CR Parawol,unkJQ1D8gpS,6195,8501,6387,8749,6577,8996,6772,9247,6971,9503,7174,9765,7381,10031,7593,10302,7808,10578,8027,10859,8250,11145,8477,11437
CR Sagal�,TptwHNkvxgg,6475,9019,6676,9283,6875,9545,7079,9811,7287,10084,7500,10361,7716,10643,7937,10931,8162,11224,8391,11522,8624,11826,8861,12135
CR Tianguel Bori,hLZooYijOEv,12188,14378,12565,14798,12940,15214,13323,15638,13713,16070,14112,16511,14518,16960,14933,17417,15355,17883,15785,18357,16222,18840,16668,19332
DPS L�louma,GuePjEvd6OH,-1,-2,0,-1,1,-1,1,1,2,0,1,0,3,-3,0,-2,0,-3,0,0,3,-2,4,-2
CR Balaki,vRLU46hNhc0,5624,6043,5798,6219,5971,6394,6147,6572,6327,6753,6511,6938,6698,7127,6889,7319,7083,7514,7281,7713,7483,7916,7689,8122
CR Donghol Sigon,EOi8SvifJzD,11053,14401,11395,14822,11735,15239,12083,15665,12438,16099,12800,16541,13169,16991,13545,17450,13929,17918,14319,18393,14717,18878,15122,19371
CR Dougountouny,oCLdUnrrbrR,16922,19910,17446,20491,17966,21066,18497,21654,19040,22253,19593,22863,20157,23485,20733,24118,21319,24763,21915,25419,22523,26088,23142,26769
CR Fougou,y2d6GAPrUqn,9840,10478,10144,10783,10446,11085,10754,11394,11069,11709,11390,12029,11718,12356,12052,12689,12392,13027,12739,13372,13091,13724,13451,14082
CR Gayah,m0XyfgtCabH,6028,7256,6215,7468,6400,7678,6589,7892,6783,8110,6980,8333,7181,8560,7386,8790,7595,9026,7807,9265,8024,9509,8244,9757
CR Hidayatou,RxRnqRXF3Op,6003,6299,6188,6483,6372,6665,6561,6850,6753,7039,6949,7232,7148,7428,7352,7628,7559,7832,7771,8039,7986,8251,8205,8466
CR L�b�k�ren,vnoiGoOnqvF,5562,6221,5734,6402,5904,6582,6079,6765,6257,6952,6439,7143,6624,7337,6813,7534,7005,7736,7201,7941,7401,8150,7604,8362
CR Madina Wora,hmpwR9SuL8D,14446,15891,14892,16354,15336,16813,15789,17282,16252,17759,16723,18246,17204,18741,17695,19246,18195,19760,18704,20284,19222,20817,19750,21360
CU Mali,Kk9FK9NJIe8,19061,21114,19650,21729,20235,22339,20833,22962,21444,23596,22066,24242,22701,24901,23349,25572,24008,26255,24680,26951,25364,27659,26060,28381
CR Salamband�,VbXROHlJNpu,7348,8204,7575,8443,7801,8680,8031,8922,8267,9169,8507,9420,8752,9676,9001,9936,9255,10202,9514,10472,9778,10748,10047,11028
CR T�lir�,nixzdM4MYGI,8405,9868,8665,10156,8923,10441,9187,10733,9456,11029,9731,11332,10011,11640,10297,11954,10588,12273,10884,12599,11186,12930,11494,13268
CR Touba,BLLU0gRBVpY,8876,10032,9150,10324,9423,10614,9702,10910,9986,11211,10276,11519,10572,11832,10873,12150,11180,12475,11493,12806,11812,13143,12136,13485
CR Yimb�ring,SgaX2t3Bbgf,16597,18735,17111,19281,17620,19823,18141,20375,18673,20938,19215,21512,19768,22097,20332,22692,20906,23298,21491,23916,22087,24545,22694,25185
DPS Mali,zJZspSfD06r,0,-1,0,1,0,1,1,-1,-1,1,1,-1,2,-2,0,0,2,-1,3,0,1,-3,1,-1
CR Fatako,wPX7R74nNaq,4121,5703,4248,5870,4375,6035,4505,6204,4637,6376,4772,6551,4910,6730,5051,6912,5194,7097,5339,7285,5488,7478,5639,7673
CR Fello Koundoua,zzaqJtN8T1L,3896,4103,4016,4223,4135,4341,4258,4462,4382,4586,4509,4711,4639,4839,4771,4969,4906,5102,5043,5237,5183,5375,5325,5515
CR Kansangui,xDXDzMIQ9t0,3838,4945,3957,5090,4075,5233,4196,5379,4319,5528,4445,5680,4573,5834,4703,5992,4836,6152,4972,6316,5110,6482,5251,6651
CR Kolangui,iMhhlWSnwkW,3239,4116,3339,4236,3438,4355,3540,4477,3644,4600,3750,4727,3858,4855,3969,4986,4081,5120,4195,5256,4312,5394,4430,5535
CR Kollet,hEgEVWooUvP,8189,9364,8442,9638,8693,9908,8951,10184,9213,10466,9481,10753,9753,11045,10032,11343,10315,11646,10604,11955,10898,12269,11197,12589
CR Konah,XVJQmmn4Ssf,6086,7720,6274,7946,6461,8169,6653,8398,6848,8630,7047,8867,7250,9108,7457,9354,7668,9605,7883,9860,8102,10119,8325,10384
CR Kouratongo,PADw7ALQXYA,5333,6003,5498,6178,5661,6351,5829,6528,5999,6709,6174,6893,6351,7080,6533,7271,6717,7465,6905,7663,7096,7864,7291,8069
CR Koin,hCDfbzHeM7H,6029,8069,6216,8304,6401,8538,6591,8777,6785,9020,6982,9268,7184,9520,7389,9778,7598,10039,7811,10306,8028,10578,8249,10854
CR Tangali,r3AxFOJIwxU,3133,4399,3230,4528,3326,4655,3425,4786,3526,4918,3628,5053,3733,5191,3840,5332,3949,5474,4059,5620,4172,5768,4287,5919
CU Tougu�,BvvY2HTeibN,12441,14700,12825,15129,13208,15554,13598,15988,13997,16430,14404,16881,14819,17340,15242,17807,15673,18283,16111,18768,16558,19262,17013,19765
DPS Tougu�,XraGmJ5tF7e,-3,1,0,-1,3,2,-1,-1,1,0,1,-1,1,0,0,-2,1,0,3,-1,1,-1,2,0
IRS Lab�,zy5MQM2PlKb,-1,0,0,-1,2,-1,1,-1,0,-1,2,-3,2,-2,3,-4,4,-4,3,-5,5,-4,6,-5
CR Bodi�,GMf9z3QKXW4,4057,4993,4183,5138,4307,5283,4435,5430,4565,5581,4698,5734,4833,5890,4971,6049,5112,6210,5255,6375,5401,6543,5549,6714
CU Dalaba,y7059Yv8KIx,11567,12818,11924,13192,12279,13562,12642,13940,13013,14325,13390,14717,13776,15117,14168,15524,14569,15939,14976,16362,15391,16792,15814,17230
CR Ditinn,efSIalZ4sJi,5797,7394,5976,7610,6155,7825,6337,8043,6523,8266,6713,8493,6906,8724,7104,8959,7305,9199,7509,9443,7718,9692,7930,9945
CR Kaala,sbXwEBMdDeg,3118,3970,3215,4086,3311,4201,3409,4318,3509,4438,3611,4560,3715,4684,3821,4810,3930,4939,4040,5070,4152,5204,4266,5340
CR Kankalab�,EpiULL1rTS8,7084,9018,7303,9282,7521,9543,7744,9809,7971,10081,8203,10358,8439,10640,8680,10927,8926,11219,9176,11517,9431,11820,9690,12129
CR K�bali,QF3Uax7QYsW,4984,6662,5139,6857,5292,7050,5449,7247,5609,7447,5773,7652,5939,7860,6109,8073,6282,8289,6458,8509,6637,8733,6820,8962
CR Koba,Vv8vxBh65uz,7982,9050,8229,9313,8474,9575,8724,9842,8980,10114,9241,10391,9507,10673,9778,10961,10054,11254,10336,11552,10622,11856,10914,12166
CR Mafara,Qwh6PZfAoSK,3721,4536,3836,4669,3951,4800,4067,4934,4187,5071,4309,5210,4433,5351,4559,5496,4688,5643,4819,5792,4953,5945,5089,6100
CR Mitty,ZTeECCIU5QB,5747,8116,5926,8354,6103,8589,6284,8829,6469,9074,6657,9323,6849,9578,7045,9836,7245,10100,7448,10369,7655,10642,7866,10921
CR Momb�yah,gxdsSMgo0gz,6289,7922,6484,8154,6678,8383,6875,8617,7077,8856,7283,9099,7493,9346,7707,9599,7925,9855,8147,10117,8373,10384,8604,10655
DPS Dalaba,mqBP8r7CwKc,1,1,0,-1,-1,-1,1,0,0,-2,-1,-1,1,0,2,-1,-1,1,1,1,2,0,2,-2
CR Boulliwel,yNN92VehTkY,9450,11623,9743,11962,10033,12299,10330,12642,10633,12992,10943,13348,11258,13711,11579,14081,11907,14458,12240,14842,12580,15233,12926,15630
CR Dounet,rJAmWK0siVH,13848,16967,14277,17462,14703,17953,15138,18454,15582,18965,16035,19485,16497,20015,16968,20555,17448,21105,17937,21665,18435,22236,18942,22816
CR Gongore (Mamou),pqrbAXAYovB,3904,4906,4025,5049,4145,5191,4267,5336,4393,5484,4520,5634,4651,5788,4783,5944,4919,6103,5057,6265,5197,6430,5340,6598
CR K�gn�ko,ARasA2gJ8P2,8867,10443,9141,10748,9414,11050,9692,11358,9976,11672,10266,11992,10562,12318,10863,12651,11170,12989,11483,13333,11802,13684,12126,14041
CR Kounkour�,adWBnbsZpb0,6133,7026,6323,7231,6511,7434,6704,7641,6900,7853,7100,8068,7305,8287,7513,8510,7726,8738,7942,8970,8162,9206,8386,9446
CU Mamou,OegwuVObJYl,40076,43596,41314,44866,42544,46126,43801,47410,45084,48720,46393,50054,47727,51414,49088,52798,50474,54209,51886,55645,53323,57107,54787,58596
CR Nyagara,D7WL2Sm2pGt,5477,6955,5647,7159,5815,7360,5987,7566,6163,7775,6342,7988,6525,8206,6712,8427,6901,8653,7095,8883,7292,9117,7492,9355
CR Our� Kaba,j0jnZYns7dd,15127,16891,15595,17384,16059,17872,16534,18370,17018,18877,17513,19395,18016,19921,18530,20458,19054,21005,19587,21561,20130,22128,20682,22706
CR Por�daka,k08FyiNNVVx,9769,12588,10072,12956,10372,13320,10680,13692,10993,14071,11313,14458,11639,14851,11972,15252,12311,15661,12656,16076,13007,16500,13365,16931
CR Saramoussaya,ly1ZpfJEiGz,11186,12244,11532,12601,11875,12954,12226,13315,12584,13683,12950,14058,13322,14440,13702,14828,14089,15225,14483,15628,14884,16039,15293,16457
CR Soyah,FwBfx7dzqOY,11074,11918,11416,12265,11756,12609,12103,12960,12458,13318,12819,13683,13188,14055,13564,14433,13947,14818,14337,15211,14734,15611,15139,16018
CR T�gu�r�yah,Sd9S8pkDdpR,4266,5118,4398,5267,4529,5415,4663,5566,4800,5720,4939,5877,5082,6037,5227,6200,5374,6366,5525,6534,5678,6706,5834,6881
CR Timbo,TNdK2RkdmKZ,6144,7343,6334,7557,6523,7770,6716,7986,6913,8207,7114,8432,7319,8662,7528,8895,7741,9133,7957,9376,8178,9622,8403,9874
CR Tolo,Rz3ep1o5p8S,4044,4754,4169,4893,4293,5031,4420,5171,4550,5314,4682,5460,4817,5608,4954,5759,5094,5913,5237,6070,5382,6230,5530,6392
DPS Mamou,LyGsnnzEabg,0,0,-1,0,1,-1,1,1,2,0,2,0,1,-1,2,1,1,-2,0,-1,2,-3,2,-1
CR Bantignel,kOfwRTpiT8A,5865,8297,6046,8539,6227,8780,6412,9026,6600,9276,6793,9531,6989,9791,7189,10055,7392,10325,7600,10600,7811,10879,8026,11164
CR Brouwal Tap�,QW92wlaWKpg,4098,5731,4226,5899,4352,6065,4481,6235,4613,6408,4747,6584,4884,6763,5024,6946,5166,7132,5311,7322,5458,7515,5609,7711
CR Donghol Touma,XlWmVuPN2b0,9874,13912,10180,14319,10485,14722,10795,15134,11113,15554,11437,15981,11767,16417,12103,16861,12446,17313,12796,17773,13151,18242,13514,18719
CR Gongore (Pita),cluuaGUZocq,7071,9866,7290,10155,7508,10441,7730,10733,7957,11030,8189,11333,8426,11642,8667,11957,8912,12277,9162,12604,9417,12936,9676,13275
CR Ley Miro,qHOxXnT4YSv,8319,11235,8577,11563,8833,11889,9095,12221,9362,12559,9635,12905,9912,13256,10196,13614,10485,13979,10779,14350,11078,14729,11383,15114
CR Maci,Sqi01br2DoD,9428,12751,9720,13124,10011,13494,10307,13871,10610,14255,10919,14647,11234,15046,11555,15452,11883,15866,12216,16288,12555,16717,12901,17155
CR Ningu�land�,MWG05k5GSvW,12108,13998,12483,14406,12855,14811,13235,15224,13623,15645,14019,16073,14423,16510,14834,16955,15253,17409,15680,17870,16115,18340,16558,18819
CU Pita,NUYWphZJyeW,13066,14838,13470,15271,13872,15700,14282,16138,14700,16584,15127,17038,15563,17501,16007,17973,16459,18453,16919,18942,17388,19440,17866,19948
CR Sangar�ah,YtZJEilElOF,17093,20414,17622,21010,18147,21601,18684,22203,19232,22817,19791,23443,20361,24081,20942,24730,21534,25391,22137,26065,22752,26751,23377,27449
CR Sintali,Tsw8pVi7QPA,4257,4902,4389,5045,4519,5186,4653,5331,4789,5478,4928,5629,5070,5782,5215,5937,5362,6096,5512,6258,5665,6422,5821,6590
CR Timbi Madina,JxSj6kP5Aum,25133,27333,25910,28130,26681,28919,27470,29725,28274,30546,29095,31383,29932,32235,30785,33103,31655,33987,32540,34888,33442,35805,34360,36738
CR Timbi Touni,kefslViPuCX,8279,12631,8536,13001,8791,13368,9052,13742,9318,14124,9590,14512,9867,14909,10150,15312,10438,15723,10731,16141,11029,16568,11334,17001
DPS Pita,ASu054HjT5Y,0,1,0,0,-1,-1,1,-3,3,-2,2,-2,2,-3,2,-1,3,-2,4,-4,6,-4,4,-5
IRS Mamou,ZSEW310Xy6l,-1,-1,0,0,0,0,0,0,0,0,1,-1,1,-1,1,0,2,-2,2,-2,0,-2,1,-1
CU Beyla,fNe8o3u1wY2,15979,16504,16472,16984,16962,17460,17463,17946,17974,18442,18496,18947,19027,19461,19569,19984,20121,20518,20684,21061,21257,21614,21840,22177
CR Boola,aueSTK2qBlL,10967,11783,11306,12126,11642,12466,11986,12813,12337,13167,12696,13528,13061,13895,13433,14269,13812,14650,14198,15038,14592,15433,14992,15836
CR Diaragu�r�la,MzuFkfrv7WB,5689,5756,5865,5923,6039,6089,6217,6259,6399,6431,6585,6607,6774,6786,6967,6969,7163,7155,7363,7344,7567,7537,7775,7734
CR Diassodou,sIlb4xIYPeD,8474,8603,8736,8854,8996,9102,9261,9355,9532,9614,9809,9877,10091,10145,10378,10418,10671,10696,10969,10979,11273,11267,11582,11560
CR Fouala,ncDJp1ZDION,8192,8580,8445,8830,8696,9078,8953,9331,9215,9588,9482,9851,9755,10118,10033,10390,10316,10668,10604,10950,10898,11238,11197,11531
CR Gbak�dou,Tw04H6pdce3,10979,11702,11318,12043,11655,12381,12000,12725,12351,13077,12709,13435,13075,13800,13447,14171,13827,14549,14214,14935,14607,15327,15008,15727
CR Gbessoba,ufPDk1wCw3a,17495,18203,18035,18733,18571,19259,19120,19795,19680,20341,20251,20898,20833,21465,21426,22043,22031,22631,22647,23230,23274,23841,23912,24462
CR Karala,g6ui2ZwrYgf,5359,5556,5524,5717,5689,5878,5857,6041,6028,6208,6203,6378,6381,6551,6563,6728,6748,6907,6937,7090,7129,7276,7325,7466
CR Koumandou,waliuGl6alb,6650,6581,6855,6773,7059,6962,7267,7156,7480,7353,7696,7555,7917,7759,8143,7968,8373,8181,8606,8397,8845,8617,9087,8842
CR Moussadou,zIhfEpz4hUU,7581,8201,7815,8440,8048,8677,8286,8918,8529,9165,8776,9416,9029,9671,9286,9932,9548,10197,9815,10467,10087,10742,10364,11022
CR Nionsomoridou,g5pkKTCMwb9,7625,8146,7860,8384,8094,8619,8333,8859,8577,9104,8826,9353,9080,9607,9339,9865,9602,10129,9871,10397,10144,10670,10423,10949
CR Samana,BDCeWKf6CCU,12121,12354,12495,12713,12866,13070,13246,13434,13634,13804,14029,14182,14433,14567,14844,14959,15262,15358,15689,15764,16123,16178,16565,16600
CR Sinko,hCzBdc1XS6s,39638,41204,40862,42404,42077,43593,43320,44807,44588,46044,45882,47304,47201,48588,48545,49895,49915,51227,51310,52583,52731,53964,54178,55371
CR Sokourala,DsD5lyuYLbs,4570,4599,4711,4733,4851,4866,4994,5001,5140,5139,5289,5279,5441,5423,5596,5569,5754,5717,5915,5868,6078,6022,6245,6179
DPS Beyla,q1zvw5TOnZF,-2,-1,0,0,2,-1,0,0,1,-1,0,-2,-1,-1,0,0,2,-1,1,2,0,2,1,-1
CR Bolodou,KOwizKqmwkn,6262,7506,6456,7726,6648,7943,6845,8164,7046,8390,7251,8620,7460,8855,7672,9094,7889,9337,8110,9584,8335,9837,8564,10094
CR Fangamadou,vcp48yK3YCf,11819,12906,12184,13282,12547,13655,12918,14035,13296,14423,13682,14818,14076,15220,14477,15630,14886,16048,15302,16473,15726,16906,16158,17347
CU Gueck�dou,IPpzTTeRD64,33165,34114,34189,35108,35206,36092,36245,37097,37306,38121,38388,39164,39491,40226,40616,41309,41762,42411,42929,43534,44118,44677,45328,45842
CR Guendembou,utx8NLZNGmL,14840,16854,15299,17345,15755,17832,16221,18329,16696,18836,17181,19352,17676,19878,18180,20414,18694,20959,19217,21515,19749,22081,20292,22657
CR Kassadou,SSSB8racp2E,9086,10973,9367,11293,9646,11611,9932,11935,10223,12265,10520,12601,10823,12944,11132,13293,11447,13649,11768,14011,12094,14380,12427,14755
CR Koundou,xfRgvUShmza,13527,15011,13946,15449,14361,15882,14785,16325,15219,16776,15660,17236,16111,17704,16570,18181,17038,18666,17515,19161,18001,19665,18495,20178
CR Nongoa,uhLweecdoYv,7075,8022,7293,8256,7511,8488,7733,8725,7959,8966,8190,9211,8426,9462,8667,9717,8911,9976,9161,10241,9415,10510,9673,10784
CR Ouend� K�n�ma,Jdo8cAmDm7I,14583,16394,15034,16872,15482,17345,15939,17829,16407,18321,16883,18824,17369,19335,17864,19856,18369,20387,18883,20927,19406,21477,19939,22037
CR T�koulo,QGuoWQ14XvU,15060,15943,15526,16408,15988,16868,16460,17338,16942,17817,17433,18304,17935,18801,18446,19307,18966,19823,19497,20348,20037,20883,20587,21427
CR Temessadou,cDXajedFZeD,14129,15824,14566,16286,15000,16743,15443,17210,15895,17685,16357,18170,16828,18663,17308,19166,17797,19678,18295,20200,18802,20731,19318,21272
DPS Gu�ck�dou,khK0Ewyw0vV,0,1,0,-1,-1,1,0,-1,1,-1,2,0,0,1,1,-1,2,0,0,-1,1,-2,2,-1
CR Bossou,d6ALfwfJdND,4827,5147,4976,5297,5124,5446,5276,5597,5430,5752,5588,5909,5748,6070,5912,6233,6079,6400,6249,6569,6422,6742,6598,6917
CR Foumbadou,w5ohzA5ZBvD,9044,10213,9323,10511,9601,10806,9885,11107,10174,11414,10470,11727,10771,12046,11078,12370,11391,12701,11710,13038,12035,13380,12365,13730
CR Gama B�r�ma,iWByCKUV5CP,8008,8593,8256,8844,8501,9092,8752,9345,9009,9603,9270,9866,9537,10134,9809,10407,10085,10685,10367,10968,10655,11256,10947,11550
CR Gu�asso,DVNYGw3VPQI,10024,11013,10334,11335,10642,11653,10956,11977,11277,12308,11605,12645,11939,12989,12279,13339,12626,13695,12979,14058,13339,14427,13705,14804
CR Kokota,wbbl4srrzhS,6908,7836,7122,8065,7334,8292,7551,8523,7772,8758,7998,8998,8228,9243,8463,9492,8702,9745,8945,10004,9193,10267,9446,10535
CR Laine,lAWsDOU429B,7696,8763,7934,9019,8171,9272,8412,9530,8659,9794,8910,10062,9167,10336,9428,10614,9695,10898,9966,11187,10242,11481,10524,11780
CU Lola,f0hhYi8k26l,23058,25379,23771,26118,24479,26851,25202,27600,25941,28362,26694,29139,27462,29930,28245,30737,29042,31558,29855,32394,30682,33246,31525,34113
CR Nzoo,kQskhQ7Ew40,7311,7885,7537,8115,7761,8342,7990,8575,8224,8812,8463,9053,8706,9299,8955,9549,9207,9804,9465,10064,9727,10328,9994,10598
CR Tounkarata,rzeaIMCDKxF,5529,5905,5700,6077,5870,6247,6043,6421,6220,6599,6401,6779,6585,6963,6773,7151,6964,7342,7158,7536,7357,7734,7559,7936
DPS Lola,QL7gnB6sSLA,1,1,0,-1,-1,0,1,1,1,0,-1,2,0,-1,-1,0,1,-1,1,-1,0,0,0,-1
CR Balizia,KP23K4wydn2,7166,7661,7388,7884,7608,8105,7832,8331,8062,8561,8296,8796,8534,9034,8778,9278,9025,9525,9278,9778,9535,10035,9796,10296
CR Binikala,z4vFR5ZIjxC,8653,9197,8920,9465,9186,9730,9457,10001,9734,10278,10016,10559,10305,10846,10598,11138,10897,11435,11202,11738,11512,12046,11828,12360
CR Bofossou,LwBGbo2SMRN,6661,7269,6867,7481,7071,7691,7280,7905,7493,8124,7711,8346,7933,8573,8159,8804,8389,9039,8624,9279,8863,9522,9106,9771
CR Daro,jJYehRPh3YY,7033,7646,7251,7869,7466,8089,7687,8315,7912,8544,8142,8778,8376,9017,8615,9260,8858,9507,9106,9759,9358,10015,9615,10277
CR Fassankoni,yYfgW0UDo3w,6474,7546,6674,7766,6873,7984,7077,8207,7284,8434,7496,8665,7711,8901,7932,9140,8156,9385,8384,9634,8616,9887,8853,10145
CR Kouankan,BUaoupjNVjA,14634,15870,15086,16332,15535,16791,15994,17258,16462,17735,16940,18221,17427,18716,17924,19220,18430,19733,18946,20256,19471,20788,20005,21330
CR Koyamah,h0mjCDTXYIX,11730,13512,12093,13906,12453,14297,12821,14696,13197,15102,13581,15516,13972,15938,14370,16367,14776,16805,15190,17250,15611,17704,16040,18166
CU Macenta,GyV2qUdoHN7,32307,34045,33305,35036,34296,36019,35309,37022,36343,38044,37397,39086,38472,40147,39568,41227,40685,42328,41823,43449,42981,44590,44161,45753
CR Nz�b�la,Qg1KX6HsAs0,7914,8504,8159,8751,8402,8997,8650,9248,8903,9503,9162,9763,9425,10028,9694,10298,9967,10573,10246,10853,10530,11139,10819,11429
CR Our�mai,k7PouuciMga,4300,4785,4433,4924,4565,5062,4700,5203,4838,5347,4978,5494,5122,5643,5268,5795,5416,5950,5568,6108,5722,6268,5879,6432
CR Panziazou,fNwra4mWCOP,3969,4549,4092,4681,4214,4813,4338,4947,4466,5084,4595,5223,4728,5365,4863,5509,5000,5657,5140,5807,5282,5959,5428,6115
CR Sengb�dou,aOs6QXbWJgN,6570,7321,6773,7534,6975,7746,7181,7962,7391,8182,7606,8406,7825,8634,8048,8867,8275,9104,8507,9345,8743,9591,8983,9841
CR S�r�dou,VZwjy4TNp0u,9740,10696,10041,11007,10340,11316,10645,11632,10957,11953,11275,12280,11600,12614,11931,12954,12267,13300,12611,13652,12960,14011,13316,14376
CR Vass�r�dou,NAvovCIIC7o,4135,4530,4263,4662,4389,4793,4519,4927,4652,5063,4787,5202,4924,5343,5065,5487,5208,5633,5353,5783,5502,5935,5653,6089
CR Watanka,z9Ft8tP6zmX,2965,3614,3057,3719,3148,3824,3241,3931,3336,4040,3433,4150,3532,4263,3633,4378,3736,4495,3840,4615,3947,4736,4055,4860
DPS Macenta,TEjr8hbfz9a,0,-2,-2,3,0,2,1,-1,1,-2,0,-1,0,-2,-2,-1,3,-1,-1,-3,0,0,1,-1
CR Bounouma,AiuhuttHtq1,10770,11420,11103,11753,11433,12083,11771,12419,12116,12762,12467,13111,12826,13467,13191,13830,13564,14199,13943,14575,14329,14958,14722,15348
CR Goueck�,QdiFSWFNGV5,9337,10000,9626,10292,9912,10580,10205,10875,10504,11175,10809,11481,11120,11793,11436,12111,11759,12434,12088,12763,12423,13099,12764,13440
CR Kob�la,gDccnfEYzu5,7186,8152,7408,8390,7628,8626,7854,8866,8084,9111,8319,9361,8558,9615,8803,9874,9051,10138,9304,10407,9562,10681,9825,10959
CR Koropara,vKgP5VF6M1y,9208,10002,9493,10294,9775,10583,10064,10877,10359,11178,10659,11484,10966,11796,11279,12114,11597,12437,11921,12767,12252,13102,12588,13444
CR Koul�,prCDkUlb2Fc,9179,9917,9462,10206,9744,10493,10032,10785,10326,11083,10625,11387,10931,11696,11243,12011,11560,12331,11883,12658,12213,12991,12548,13330
CU Nz�r�kor�,kYpZjUcbvYe,98182,98641,101213,101512,104222,104358,107298,107261,110438,110221,113640,113236,116905,116307,120234,119436,123626,122623,127079,125868,130597,129172,134179,132537
CR Pal�,jgrOk9sSAIg,4839,5379,4989,5536,5137,5691,5289,5850,5444,6012,5602,6176,5763,6344,5928,6515,6095,6689,6266,6866,6439,7047,6616,7231
CR Samo�,VVGXSrGoXfR,18257,19519,18821,20088,19381,20651,19953,21227,20538,21813,21134,22410,21741,23018,22361,23638,22992,24269,23635,24912,24290,25567,24957,26233
CR Soulouta,fBfyos2JYbz,10442,11440,10765,11774,11086,12104,11413,12442,11747,12785,12089,13135,12436,13492,12791,13856,13152,14226,13520,14603,13895,14986,14276,15377
CR Womey,BuURAwhE9cF,6027,6917,6213,7119,6399,7319,6588,7523,6781,7731,6978,7943,7179,8159,7383,8379,7592,8602,7805,8831,8021,9063,8241,9299
CR Yalenzou,PCIRiqlC6S7,11975,13262,12345,13649,12713,14032,13089,14423,13472,14821,13863,15227,14262,15641,14669,16062,15083,16491,15505,16928,15935,17373,16373,17827
DPS N'z�r�kor�,yvJVq1GjI2A,0,2,0,-1,1,0,1,0,0,0,2,1,2,1,1,-2,2,1,2,-1,1,-1,2,-1
CR Bani�,q29CR2AGyNh,5671,6256,5846,6438,6020,6619,6198,6804,6380,6992,6565,7183,6754,7378,6946,7577,7142,7779,7342,7986,7546,8195,7753,8409
CR Bheeta,zFLbYq1TQa1,5063,5583,5220,5746,5375,5907,5534,6072,5696,6239,5861,6410,6030,6584,6202,6762,6377,6942,6556,7126,6737,7314,6922,7504
CR Bignamou,udBxpBocurD,7121,7875,7341,8104,7560,8332,7783,8564,8011,8801,8244,9042,8481,9287,8723,9538,8969,9792,9220,10052,9476,10316,9736,10585
CU Bow�,oXJ6nJ5TdUh,6817,7608,7028,7830,7237,8050,7451,8274,7670,8503,7892,8736,8119,8973,8351,9215,8587,9461,8827,9712,9072,9967,9321,10227
CR Dieck�,YlnBsUMK63d,15965,16127,16458,16597,16947,17062,17447,17537,17958,18021,18478,18514,19009,19016,19551,19527,20102,20048,20664,20579,21236,21119,21818,21669
CR P�la,QZmHJzSQpkM,7599,8422,7834,8667,8068,8911,8306,9159,8549,9412,8798,9670,9051,9933,9309,10200,9572,10473,9839,10750,10112,11033,10390,11321
CU Yomou,WmEJoqv31Yb,7463,7776,7694,8002,7922,8227,8156,8456,8395,8689,8639,8927,8887,9169,9140,9416,9398,9668,9661,9924,9928,10184,10201,10450
DPS Yomou,PCa6e3khx5E,0,0,-1,1,0,0,1,-1,0,-1,0,0,1,1,0,0,1,1,0,-1,0,1,0,1
IRS N'Z�r�kor�,ysKioL4gVnV,0,0,1,-1,-1,-1,0,-1,-1,0,1,-2,0,-1,2,-1,0,0,1,-1,0,-1,0,-2
Guin�e,Ky2CzFdfBuO,1,0,5,-5,11,-10,16,-15,19,-19,25,-26,32,-31,36,-36,41,-42,50,-50,56,-56,62,-61
